<rspec xmlns="http://www.geni.net/resources/rspec/3" xmlns:emulab="http://www.protogeni.net/resources/rspec/ext/emulab/1" xmlns:tour="http://www.protogeni.net/resources/rspec/ext/apt-tour/1" xmlns:jacks="http://www.protogeni.net/resources/rspec/ext/jacks/1" xmlns:xsi="http://www.w3.org/2001/XMLSchema-instance" xsi:schemaLocation="http://www.geni.net/resources/rspec/3    http://www.geni.net/resources/rspec/3/request.xsd" type="request">
<node xmlns="http://www.geni.net/resources/rspec/3" client_id="server">
<icon xmlns="http://www.protogeni.net/resources/rspec/ext/jacks/1" url="https://portal.geni.net/images/VM-noTxt-centered.svg"/>
<site xmlns="http://www.protogeni.net/resources/rspec/ext/jacks/1" id="Site 1"/>
<sliver_type xmlns="http://www.geni.net/resources/rspec/3" name="default-vm"/>
<services xmlns="http://www.geni.net/resources/rspec/3"/>
<interface xmlns="http://www.geni.net/resources/rspec/3" client_id="interface-1"/>
<interface xmlns="http://www.geni.net/resources/rspec/3" client_id="interface-3"/>
<interface xmlns="http://www.geni.net/resources/rspec/3" client_id="interface-5"/>
<interface xmlns="http://www.geni.net/resources/rspec/3" client_id="interface-7"/>
<interface xmlns="http://www.geni.net/resources/rspec/3" client_id="interface-9"/>
<interface xmlns="http://www.geni.net/resources/rspec/3" client_id="interface-11"/>
<interface xmlns="http://www.geni.net/resources/rspec/3" client_id="interface-13"/>
<interface xmlns="http://www.geni.net/resources/rspec/3" client_id="interface-15"/>
<interface xmlns="http://www.geni.net/resources/rspec/3" client_id="interface-17"/>
<interface xmlns="http://www.geni.net/resources/rspec/3" client_id="interface-19"/>
</node>
<node xmlns="http://www.geni.net/resources/rspec/3" client_id="client-1">
<icon xmlns="http://www.protogeni.net/resources/rspec/ext/jacks/1" url="https://portal.geni.net/images/VM-noTxt-centered.svg"/>
<site xmlns="http://www.protogeni.net/resources/rspec/ext/jacks/1" id="Site 1"/>
<sliver_type xmlns="http://www.geni.net/resources/rspec/3" name="default-vm"/>
<services xmlns="http://www.geni.net/resources/rspec/3"/>
<interface xmlns="http://www.geni.net/resources/rspec/3" client_id="interface-18"/>
</node>
<node xmlns="http://www.geni.net/resources/rspec/3" client_id="client-2">
<icon xmlns="http://www.protogeni.net/resources/rspec/ext/jacks/1" url="https://portal.geni.net/images/VM-noTxt-centered.svg"/>
<site xmlns="http://www.protogeni.net/resources/rspec/ext/jacks/1" id="Site 1"/>
<sliver_type xmlns="http://www.geni.net/resources/rspec/3" name="default-vm"/>
<services xmlns="http://www.geni.net/resources/rspec/3"/>
<interface xmlns="http://www.geni.net/resources/rspec/3" client_id="interface-16"/>
</node>
<node xmlns="http://www.geni.net/resources/rspec/3" client_id="client-3">
<icon xmlns="http://www.protogeni.net/resources/rspec/ext/jacks/1" url="https://portal.geni.net/images/VM-noTxt-centered.svg"/>
<site xmlns="http://www.protogeni.net/resources/rspec/ext/jacks/1" id="Site 1"/>
<sliver_type xmlns="http://www.geni.net/resources/rspec/3" name="default-vm"/>
<services xmlns="http://www.geni.net/resources/rspec/3"/>
<interface xmlns="http://www.geni.net/resources/rspec/3" client_id="interface-14"/>
</node>
<node xmlns="http://www.geni.net/resources/rspec/3" client_id="client-4">
<icon xmlns="http://www.protogeni.net/resources/rspec/ext/jacks/1" url="https://portal.geni.net/images/VM-noTxt-centered.svg"/>
<site xmlns="http://www.protogeni.net/resources/rspec/ext/jacks/1" id="Site 1"/>
<sliver_type xmlns="http://www.geni.net/resources/rspec/3" name="default-vm"/>
<services xmlns="http://www.geni.net/resources/rspec/3"/>
<interface xmlns="http://www.geni.net/resources/rspec/3" client_id="interface-10"/>
</node>
<node xmlns="http://www.geni.net/resources/rspec/3" client_id="client-5">
<icon xmlns="http://www.protogeni.net/resources/rspec/ext/jacks/1" url="https://portal.geni.net/images/VM-noTxt-centered.svg"/>
<site xmlns="http://www.protogeni.net/resources/rspec/ext/jacks/1" id="Site 1"/>
<sliver_type xmlns="http://www.geni.net/resources/rspec/3" name="default-vm"/>
<services xmlns="http://www.geni.net/resources/rspec/3"/>
<interface xmlns="http://www.geni.net/resources/rspec/3" client_id="interface-12"/>
</node>
<node xmlns="http://www.geni.net/resources/rspec/3" client_id="client-6">
<icon xmlns="http://www.protogeni.net/resources/rspec/ext/jacks/1" url="https://portal.geni.net/images/VM-noTxt-centered.svg"/>
<site xmlns="http://www.protogeni.net/resources/rspec/ext/jacks/1" id="Site 1"/>
<sliver_type xmlns="http://www.geni.net/resources/rspec/3" name="default-vm"/>
<services xmlns="http://www.geni.net/resources/rspec/3"/>
<interface xmlns="http://www.geni.net/resources/rspec/3" client_id="interface-8"/>
</node>
<node xmlns="http://www.geni.net/resources/rspec/3" client_id="client-7">
<icon xmlns="http://www.protogeni.net/resources/rspec/ext/jacks/1" url="https://portal.geni.net/images/VM-noTxt-centered.svg"/>
<site xmlns="http://www.protogeni.net/resources/rspec/ext/jacks/1" id="Site 1"/>
<sliver_type xmlns="http://www.geni.net/resources/rspec/3" name="default-vm"/>
<services xmlns="http://www.geni.net/resources/rspec/3"/>
<interface xmlns="http://www.geni.net/resources/rspec/3" client_id="interface-6"/>
</node>
<node xmlns="http://www.geni.net/resources/rspec/3" client_id="client-8">
<icon xmlns="http://www.protogeni.net/resources/rspec/ext/jacks/1" url="https://portal.geni.net/images/VM-noTxt-centered.svg"/>
<site xmlns="http://www.protogeni.net/resources/rspec/ext/jacks/1" id="Site 1"/>
<sliver_type xmlns="http://www.geni.net/resources/rspec/3" name="default-vm"/>
<services xmlns="http://www.geni.net/resources/rspec/3"/>
<interface xmlns="http://www.geni.net/resources/rspec/3" client_id="interface-4"/>
</node>
<node xmlns="http://www.geni.net/resources/rspec/3" client_id="client-9">
<icon xmlns="http://www.protogeni.net/resources/rspec/ext/jacks/1" url="https://portal.geni.net/images/VM-noTxt-centered.svg"/>
<site xmlns="http://www.protogeni.net/resources/rspec/ext/jacks/1" id="Site 1"/>
<sliver_type xmlns="http://www.geni.net/resources/rspec/3" name="default-vm"/>
<services xmlns="http://www.geni.net/resources/rspec/3"/>
<interface xmlns="http://www.geni.net/resources/rspec/3" client_id="interface-2"/>
</node>
<node xmlns="http://www.geni.net/resources/rspec/3" client_id="client-10">
<icon xmlns="http://www.protogeni.net/resources/rspec/ext/jacks/1" url="https://portal.geni.net/images/VM-noTxt-centered.svg"/>
<site xmlns="http://www.protogeni.net/resources/rspec/ext/jacks/1" id="Site 1"/>
<sliver_type xmlns="http://www.geni.net/resources/rspec/3" name="default-vm"/>
<services xmlns="http://www.geni.net/resources/rspec/3"/>
<interface xmlns="http://www.geni.net/resources/rspec/3" client_id="interface-0"/>
</node>
<link xmlns="http://www.geni.net/resources/rspec/3" client_id="link-0">
<interface_ref xmlns="http://www.geni.net/resources/rspec/3" client_id="interface-0"/>
<interface_ref xmlns="http://www.geni.net/resources/rspec/3" client_id="interface-1"/>
<site xmlns="http://www.protogeni.net/resources/rspec/ext/jacks/1" id="undefined"/>
</link>
<link xmlns="http://www.geni.net/resources/rspec/3" client_id="link-1">
<interface_ref xmlns="http://www.geni.net/resources/rspec/3" client_id="interface-2"/>
<interface_ref xmlns="http://www.geni.net/resources/rspec/3" client_id="interface-3"/>
<site xmlns="http://www.protogeni.net/resources/rspec/ext/jacks/1" id="undefined"/>
</link>
<link xmlns="http://www.geni.net/resources/rspec/3" client_id="link-2">
<interface_ref xmlns="http://www.geni.net/resources/rspec/3" client_id="interface-4"/>
<interface_ref xmlns="http://www.geni.net/resources/rspec/3" client_id="interface-5"/>
<site xmlns="http://www.protogeni.net/resources/rspec/ext/jacks/1" id="undefined"/>
</link>
<link xmlns="http://www.geni.net/resources/rspec/3" client_id="link-3">
<interface_ref xmlns="http://www.geni.net/resources/rspec/3" client_id="interface-6"/>
<interface_ref xmlns="http://www.geni.net/resources/rspec/3" client_id="interface-7"/>
<site xmlns="http://www.protogeni.net/resources/rspec/ext/jacks/1" id="undefined"/>
</link>
<link xmlns="http://www.geni.net/resources/rspec/3" client_id="link-4">
<interface_ref xmlns="http://www.geni.net/resources/rspec/3" client_id="interface-8"/>
<interface_ref xmlns="http://www.geni.net/resources/rspec/3" client_id="interface-9"/>
<site xmlns="http://www.protogeni.net/resources/rspec/ext/jacks/1" id="undefined"/>
</link>
<link xmlns="http://www.geni.net/resources/rspec/3" client_id="link-5">
<interface_ref xmlns="http://www.geni.net/resources/rspec/3" client_id="interface-10"/>
<interface_ref xmlns="http://www.geni.net/resources/rspec/3" client_id="interface-11"/>
<site xmlns="http://www.protogeni.net/resources/rspec/ext/jacks/1" id="undefined"/>
</link>
<link xmlns="http://www.geni.net/resources/rspec/3" client_id="link-6">
<interface_ref xmlns="http://www.geni.net/resources/rspec/3" client_id="interface-12"/>
<interface_ref xmlns="http://www.geni.net/resources/rspec/3" client_id="interface-13"/>
<site xmlns="http://www.protogeni.net/resources/rspec/ext/jacks/1" id="undefined"/>
</link>
<link xmlns="http://www.geni.net/resources/rspec/3" client_id="link-7">
<interface_ref xmlns="http://www.geni.net/resources/rspec/3" client_id="interface-14"/>
<interface_ref xmlns="http://www.geni.net/resources/rspec/3" client_id="interface-15"/>
<site xmlns="http://www.protogeni.net/resources/rspec/ext/jacks/1" id="undefined"/>
</link>
<link xmlns="http://www.geni.net/resources/rspec/3" client_id="link-8">
<interface_ref xmlns="http://www.geni.net/resources/rspec/3" client_id="interface-16"/>
<interface_ref xmlns="http://www.geni.net/resources/rspec/3" client_id="interface-17"/>
<site xmlns="http://www.protogeni.net/resources/rspec/ext/jacks/1" id="undefined"/>
</link>
<link xmlns="http://www.geni.net/resources/rspec/3" client_id="link-9">
<interface_ref xmlns="http://www.geni.net/resources/rspec/3" client_id="interface-18"/>
<interface_ref xmlns="http://www.geni.net/resources/rspec/3" client_id="interface-19"/>
<site xmlns="http://www.protogeni.net/resources/rspec/ext/jacks/1" id="undefined"/>
</link>
</rspec>